segment,clv,age,income,num_customers
0,21490.085591939547,45.455919395466,1502581.17906801,397
1,42660.53526422765,43.142276422764226,1535916.678272358,492
2,19657.025963302753,40.79816513761468,1648192.7683486238,109
